id,model,belly,top,cgFrac,pitchDeg,wingDrawn,wingSim,wingErr,wingRootDrawn,rootErr,thrust,hubDrawn,ground
aircam-amphib-like,False,-0.74,0.72,0.51,0.0,0.70,0.60,0.10,-1.67,-2.27,0.30,0.60,-2.25
aircam-like,False,-0.74,0.72,0.51,0.0,0.70,0.60,0.10,0.64,0.04,0.30,0.60,-1.55
boeing-737-like,True,-1.41,2.66,0.35,-0.3,0.66,1.50,-0.84,-0.02,-1.52,1.90,NaN,-3.20
c172-like,True,-0.62,0.86,0.42,-5.4,0.84,0.60,0.24,0.76,0.16,-0.05,0.13,-1.15
cassutt-f1-like,False,-0.40,0.48,0.45,0.0,0.00,-0.05,0.05,-0.03,0.02,0.00,0.00,-0.75
cirrus-sr22-like,True,-0.39,1.08,0.26,-2.4,0.09,-0.40,0.49,-0.08,0.32,-0.05,0.47,-1.00
dc3-like,True,-1.11,1.53,0.42,0.3,-0.22,0.90,-1.12,-0.81,-1.71,0.00,-1.06,-2.40
decathlon-8kcab-like,False,-0.34,0.87,0.28,0.0,0.81,0.75,0.06,0.78,0.03,0.00,0.23,-1.35
dhc2-beaver-floats-like,False,-0.71,1.11,0.39,0.0,0.88,0.75,0.13,-1.33,-2.08,0.00,0.20,-1.94
extra-300-like,True,-0.26,0.65,0.29,-4.7,0.14,0.00,0.14,0.05,0.05,0.00,0.45,-0.95
f86-sabre-like,True,-0.61,0.92,0.40,4.2,-0.17,0.30,-0.47,-0.30,-0.60,0.00,NaN,-1.50
geebee-r2-like,True,-0.60,0.67,0.47,-3.6,-0.16,-0.55,0.39,-0.14,0.41,0.00,0.01,-1.25
glasair3-like,False,-0.55,0.64,0.46,0.0,-0.29,-0.45,0.16,-0.38,0.07,0.00,0.00,-0.95
glider-2-33-like,False,-0.99,0.41,0.71,1.7,0.56,0.30,0.26,0.41,0.11,NaN,NaN,-1.05
glider-eb29r-like,True,-0.61,1.10,0.36,-15.8,1.14,-0.15,1.29,0.90,1.05,NaN,NaN,-0.75
glider-swift-s1-like,False,-0.70,0.36,0.66,0.9,0.03,-0.05,0.08,-0.01,0.04,NaN,NaN,-0.70
hughes-h4-like,True,-5.80,3.27,0.64,1.1,2.37,2.50,-0.13,2.70,0.20,0.00,2.51,NaN
p51d-like,True,-0.61,1.35,0.31,-5.7,0.10,0.40,-0.30,-0.10,-0.50,0.60,0.44,-1.60
pa18-bush-like,True,-0.24,0.84,0.22,-3.8,0.75,0.75,0.00,0.72,-0.03,0.00,0.05,-1.45
pa18-cub-like,True,-0.73,0.86,0.46,-3.8,0.77,0.75,0.02,0.75,0.00,0.00,0.07,-1.20
pa18-floats-like,True,-0.24,0.84,0.22,-3.8,0.75,0.75,0.00,0.72,-0.03,0.00,0.05,-1.55
pa25-pawnee-like,False,-0.83,0.73,0.53,0.0,-0.34,-0.65,0.31,-0.53,0.12,0.00,-0.05,-1.10
pa28-archer-like,True,-0.37,0.91,0.29,-0.7,0.04,-0.45,0.49,-0.19,0.26,-0.05,0.13,-1.05
pitts-s2b-like,False,-0.41,0.81,0.34,0.0,0.29,0.20,0.09,0.09,-0.11,0.00,0.05,-1.00
seminole-like,True,-0.39,1.22,0.24,3.2,0.02,0.30,-0.28,-0.05,-0.35,0.00,0.10,-1.00
stearman-pt17-like,True,-0.55,1.04,0.34,0.3,0.30,0.06,0.24,0.32,0.26,0.00,0.00,-1.50
target-drone-like,True,-0.64,-0.06,1.10,1.5,-0.51,-0.05,-0.46,-0.51,-0.46,0.00,-0.34,-0.75
